item,part_number,quantity
1,Pivot_Bracket,1
2,Pivot_Shaft,1
3,Rocker_Optimized,1
4,Pivot_Bearing_Envelope,2
5,Pivot_Centre_Spacer,1
6,Pivot_Outer_Spacer,2
7,Pivot_Bearing_Retainer,2
8,Pivot_Shaft_End_Retainer,2
9,M6_Flat_Washer_Baseline,2
10,M6x16_Screw_Envelope,2
11,M4_Flat_Washer_Baseline,6
12,M4x8_Screw_Envelope,6
13,Link_Clevis_Baseline,4
14,Pushrod_Tube_Baseline,1
15,Damper_Body_Envelope,1
16,Damper_Rod_Envelope,1
17,Mounting_Lug_Envelope,2
18,Link_Pin_Baseline,4
19,Link_Pin_Washer,4
20,Split_Pin_Installed_Envelope,4
